이름,WAR.,G,타석,타수,득점,안타,X2타,X3타,홈런,루타,타점,도루,도실,볼넷,사구,고4,삼진,병살,희타,희비,타율,출루,장타,OPS,wOBA,wRC.,WPA,target
양의지,5.65,132,513,442,70,144,27,0,20,231,93,5,4,39,24,3,64,7,2,6,0.326,0.405,0.523,0.928,0.408,149.1,3.31,42000
김재호,3.64,133,488,410,63,126,24,3,3,165,50,7,2,54,3,0,42,18,14,7,0.307,0.386,0.402,0.789,0.354,105.3,-0.4,41000
허경민,2.88,117,453,404,64,128,20,2,1,155,41,8,3,31,7,0,42,11,8,3,0.317,0.373,0.384,0.757,0.346,98.9,-0.08,20000
민병헌,2.62,129,561,491,80,149,20,2,12,209,75,7,3,50,8,0,74,15,6,6,0.303,0.373,0.426,0.799,0.36,112.3,3.13,35000
정수빈,2.29,128,570,491,79,145,27,7,2,192,59,15,9,43,11,1,70,9,19,6,0.295,0.361,0.391,0.752,0.334,91.2,0.55,28000
오재원,2.08,120,474,411,60,115,20,2,11,172,59,31,8,47,4,1,94,9,7,4,0.28,0.356,0.418,0.775,0.345,102.6,0.82,55000
오재일,1.84,66,213,180,33,52,11,1,14,107,36,0,0,28,2,2,49,5,1,2,0.289,0.387,0.594,0.981,0.414,158.4,1.11,9500
박건우,1.47,70,175,158,31,54,12,0,5,81,26,2,1,12,3,0,29,2,2,0,0.342,0.399,0.513,0.912,0.403,143.3,0.97,7000
최주환,1.25,100,270,238,34,67,16,2,5,102,32,0,3,25,3,2,34,6,3,1,0.282,0.356,0.429,0.784,0.349,104.7,0.1,11000
고영민,0.68,41,77,67,13,22,1,0,3,32,11,4,2,6,3,0,22,4,0,1,0.328,0.403,0.478,0.88,0.397,138.8,-0.6,15000
김재환,0.48,48,180,153,24,36,8,0,7,65,22,4,1,22,2,1,39,6,1,2,0.235,0.335,0.425,0.76,0.336,100.9,0.59,5000
국해성,0.11,11,26,20,6,4,1,0,1,8,5,0,0,2,1,0,5,2,1,2,0.2,0.28,0.4,0.68,0.281,63.9,-0.25,3000
김진형,0.1,14,21,18,3,3,2,0,1,8,2,0,0,3,0,0,7,1,0,0,0.167,0.286,0.444,0.73,0.317,91.2,-0.01,3000
홍성흔,0.09,93,352,301,39,79,12,0,7,112,46,8,1,42,5,1,59,13,4,0,0.262,0.362,0.372,0.734,0.338,97.7,0.79,40000
류지혁,0.07,14,5,5,3,1,0,0,0,1,0,0,0,0,0,0,3,0,0,0,0.2,0.2,0.2,0.4,0.187,-12.1,0,3000
정진호,0.03,77,172,154,37,36,5,3,4,59,18,6,3,14,1,0,24,0,3,0,0.234,0.302,0.383,0.685,0.304,74.6,0.21,5200
구자욱,4.99,116,465,410,97,143,33,5,11,219,57,17,7,45,6,0,79,3,0,4,0.349,0.417,0.534,0.951,0.422,148.4,1.81,8000
최형우,4.13,144,637,547,94,174,33,1,33,308,123,2,5,73,9,7,101,13,0,8,0.318,0.402,0.563,0.965,0.416,143.3,3.48,70000
박해민,3.52,144,608,525,96,154,22,7,0,190,47,60,8,56,2,1,126,8,23,2,0.293,0.362,0.362,0.724,0.326,85.2,1.65,15000
이승엽,3.14,122,522,470,87,156,28,1,26,264,90,2,1,40,6,2,71,10,0,6,0.332,0.387,0.562,0.949,0.412,140.4,2.52,1.00E+05
김상수,2.78,132,518,449,67,125,30,4,8,187,63,26,5,43,6,0,56,9,13,7,0.278,0.345,0.416,0.761,0.335,89.9,1.24,31000
박한이,1.93,94,429,367,62,110,17,4,11,168,52,6,6,53,1,0,63,11,7,1,0.3,0.389,0.458,0.846,0.377,118.2,0.65,45000
이지영,1.03,124,400,361,36,110,10,1,1,125,55,1,2,14,4,0,32,10,16,5,0.305,0.333,0.346,0.68,0.303,69.6,0.71,21000
백상원,0.13,52,94,77,10,19,5,0,0,24,7,0,0,13,1,0,22,2,2,1,0.247,0.359,0.312,0.67,0.316,77,-0.39,4500
박찬도,0.02,117,106,89,32,19,2,1,0,23,9,13,6,8,4,0,25,1,5,0,0.213,0.307,0.258,0.565,0.264,43.8,-0.58,3100
이영욱,-0.02,38,26,22,8,5,2,0,0,7,2,0,1,3,1,0,10,0,0,0,0.227,0.346,0.318,0.664,0.32,79.1,-0.08,5500
이흥련,-0.21,71,108,105,16,25,7,0,1,35,17,2,1,1,1,0,22,1,1,0,0.238,0.252,0.333,0.586,0.261,40.6,-0.26,7500
김정혁,-0.23,17,20,18,3,3,0,0,0,3,1,0,0,1,0,0,3,0,1,0,0.167,0.211,0.167,0.377,0.177,-14.3,-0.35,3300
김재현,-0.43,73,48,41,7,7,0,0,0,7,5,0,0,5,0,0,11,1,2,0,0.171,0.261,0.171,0.432,0.213,9.2,-0.07,4000
최선호,-0.46,33,44,42,8,7,1,0,0,8,1,2,0,0,0,0,13,0,2,0,0.167,0.167,0.19,0.357,0.156,-27.9,-0.61,3500
우동균,-0.47,37,82,72,12,15,4,0,0,19,6,0,2,9,0,0,12,2,1,0,0.208,0.296,0.264,0.56,0.268,44.7,-0.82,5500
최정,3.23,81,330,275,43,81,17,0,17,149,58,5,2,46,5,2,78,6,1,3,0.295,0.401,0.542,0.943,0.41,143.2,1.39,1.00E+05
정의윤,2.67,59,222,193,35,66,11,0,14,119,44,3,0,20,7,0,27,3,0,2,0.342,0.419,0.617,1.036,0.447,167.2,1.75,12000
이명기,2.41,137,582,521,88,164,30,2,3,207,35,22,10,35,11,0,86,7,11,4,0.315,0.368,0.397,0.765,0.347,102.3,0.62,18000
김성현,2.15,129,449,397,49,118,20,0,8,162,48,1,4,31,7,0,42,14,12,2,0.297,0.357,0.408,0.765,0.341,97.3,0.15,18000
박정권,1.79,124,494,438,66,123,23,0,21,209,70,3,3,46,4,1,119,9,4,2,0.281,0.353,0.477,0.83,0.364,113,-0.4,40000
이재원,1.68,140,559,489,58,138,18,1,17,209,100,1,3,54,11,5,85,22,0,5,0.282,0.363,0.427,0.791,0.355,106.7,1.41,28000
정상호,1.51,113,324,279,34,71,11,1,12,120,49,1,2,22,15,0,80,2,8,0,0.254,0.342,0.43,0.772,0.34,97.1,0.53,50000
김강민,1.03,96,328,293,43,72,17,0,4,101,31,7,4,23,7,0,83,6,4,1,0.246,0.315,0.345,0.66,0.302,72.9,-0.12,60000
박재상,0.6,108,292,250,34,62,12,2,7,99,37,4,5,32,3,0,53,4,6,1,0.248,0.339,0.396,0.735,0.329,89.2,0.37,20000
나주환,0.35,96,273,246,31,66,15,0,5,96,22,3,5,12,2,0,47,9,12,1,0.268,0.307,0.39,0.697,0.3,70.7,-0.73,20000
조동화,0.19,119,304,245,38,64,6,1,2,78,15,18,3,30,5,0,50,2,22,2,0.261,0.351,0.318,0.669,0.297,68.3,-0.8,30000
이대수,0.11,36,86,72,9,19,3,0,2,28,12,0,1,6,1,0,23,6,6,1,0.264,0.325,0.389,0.714,0.301,71.5,-0.46,35000
허웅,0.11,18,19,17,2,5,1,0,0,6,3,0,0,2,0,0,3,0,0,0,0.294,0.368,0.353,0.721,0.341,98.5,-0.04,3300
허웅,0.11,18,19,17,2,5,1,0,0,6,3,0,0,2,0,0,3,0,0,0,0.294,0.368,0.353,0.721,0.341,98.5,-0.04,2700
임훈,0.09,33,81,69,10,15,1,0,0,16,9,1,0,7,2,0,13,3,2,1,0.217,0.304,0.232,0.536,0.259,43.3,-0.55,13000
오지환,4.44,138,566,497,76,138,41,4,11,220,56,25,10,59,4,1,121,2,3,3,0.278,0.357,0.443,0.8,0.357,110.3,2.4,25000
박용택,3.85,128,533,487,66,159,28,2,18,245,83,11,4,34,4,1,73,12,1,7,0.326,0.37,0.503,0.873,0.384,131.3,1.35,80000
히메네스,1.97,70,299,279,37,87,17,2,11,141,46,8,2,12,4,1,48,4,0,4,0.312,0.345,0.505,0.85,0.37,122.5,1.04,50000
이병규,1.69,70,277,230,42,56,9,1,12,103,35,2,1,43,3,2,83,4,1,0,0.243,0.37,0.448,0.817,0.365,119,0.44,80000
이병규,1.69,70,277,230,42,56,9,1,12,103,35,2,1,43,3,2,83,4,1,0,0.243,0.37,0.448,0.817,0.365,119,0.44,15600
정성훈,1.68,117,440,363,47,103,16,1,9,148,45,9,4,54,13,5,65,9,6,4,0.284,0.392,0.408,0.799,0.361,113,1.78,50000
임훈,1.44,55,215,183,34,55,11,1,1,71,15,2,2,19,7,0,31,2,5,1,0.301,0.386,0.388,0.774,0.354,104.5,0.84,13000
유강남,1.33,126,313,279,26,76,11,1,8,113,37,2,1,19,7,0,55,10,7,1,0.272,0.333,0.405,0.738,0.328,91.4,-0.84,8100
서상우,0.92,58,171,159,29,54,8,0,6,80,22,5,1,9,3,0,31,2,0,0,0.34,0.386,0.503,0.889,0.398,140,1.14,6000
채은성,0.38,90,198,173,25,43,11,2,4,70,20,3,3,14,5,1,39,4,3,3,0.249,0.318,0.405,0.723,0.317,83.5,-0.55,5500
안익훈,0.37,50,74,62,9,21,2,1,0,25,3,1,1,9,0,0,10,1,3,0,0.339,0.423,0.403,0.826,0.372,114.7,-0.31,4100
이진영,0.23,103,350,301,32,77,5,1,9,111,39,2,4,42,3,4,55,10,2,2,0.256,0.351,0.369,0.719,0.328,91.3,0.22,2700
김용의,0.21,71,199,171,30,43,5,1,0,50,15,11,6,22,3,1,38,3,3,0,0.251,0.347,0.292,0.639,0.304,69.8,-0.6,6000
백창수,0.18,25,36,31,4,10,4,0,0,14,0,0,0,3,0,0,3,0,2,0,0.323,0.382,0.452,0.834,0.358,108.8,0.02,4000
정의윤,0.13,32,75,66,3,17,3,0,0,20,7,2,0,6,2,0,19,3,0,1,0.258,0.333,0.303,0.636,0.304,70.1,0.11,12000
황목치승,0.03,24,74,71,13,19,3,1,0,24,8,2,0,2,0,0,10,2,0,1,0.268,0.284,0.338,0.622,0.282,55,-0.5,4000
박성준,-0.01,11,12,10,3,2,0,0,0,2,0,0,0,2,0,0,1,0,0,0,0.2,0.333,0.2,0.533,0.278,53.1,0.01,3000
나성용,-0.06,40,79,73,7,20,2,0,3,31,9,0,0,4,2,0,29,2,0,0,0.274,0.329,0.425,0.754,0.339,99.7,-0.31,3700
이민재,-0.07,28,34,30,6,8,1,0,0,9,4,0,1,1,1,0,8,0,1,1,0.267,0.303,0.3,0.603,0.274,49.4,-0.06,3400
이범호,3.34,138,514,437,60,118,25,0,28,227,79,3,4,57,16,1,91,16,0,4,0.27,0.372,0.519,0.891,0.389,125.2,2.74,65000
김주찬,2.57,98,377,333,66,109,23,2,18,190,62,8,2,23,12,3,58,10,1,8,0.327,0.383,0.571,0.954,0.408,137.3,1.7,50000
필,2.44,143,591,536,81,174,35,1,22,277,101,14,10,43,3,6,74,12,0,9,0.325,0.372,0.517,0.889,0.387,123.8,5.91,90000
신종길,1.46,99,348,313,56,82,13,4,5,118,28,19,5,25,6,0,80,3,4,0,0.262,0.329,0.377,0.706,0.32,78.4,1.93,12000
김원섭,1.26,110,341,277,45,74,13,3,5,108,33,8,5,53,3,0,46,5,6,2,0.267,0.388,0.39,0.778,0.357,103.2,0.82,15000
백용환,0.7,65,177,154,22,36,6,0,10,72,30,3,1,19,1,0,47,5,0,3,0.234,0.316,0.468,0.784,0.34,92.3,1,6000
나지완,0.59,116,368,304,34,77,16,0,7,114,31,3,1,46,16,3,79,10,0,2,0.253,0.378,0.375,0.753,0.351,99.2,-0.71,20000
이홍구,0.39,112,246,222,25,48,10,1,12,96,39,1,0,12,7,1,64,3,5,0,0.216,0.278,0.432,0.71,0.303,67,0.46,7000
김다원,0.06,108,274,245,31,60,9,0,5,84,30,1,0,15,12,0,67,8,0,2,0.245,0.318,0.343,0.66,0.307,70.4,-0.58,7000
황대인,0.05,22,44,44,3,12,2,0,2,20,7,0,0,0,0,0,18,3,0,0,0.273,0.273,0.455,0.727,0.315,74.1,-0.58,3000
최병연,-0.01,19,7,6,2,1,0,0,0,1,0,0,0,0,1,0,2,0,0,0,0.167,0.286,0.167,0.452,0.242,26.5,0.1,3000
이범호,4.36,138,560,484,93,150,23,0,33,272,108,1,1,60,9,7,57,15,0,7,0.31,0.391,0.562,0.953,0.411,132.9,3.95,65000
김주찬,4.12,130,555,511,97,177,37,3,23,289,101,9,7,30,7,1,68,13,1,6,0.346,0.386,0.566,0.952,0.415,135.8,3.62,60000
나지완,3.94,118,486,380,84,117,21,2,25,217,90,6,3,85,17,1,90,8,0,4,0.308,0.451,0.571,1.022,0.45,158,3.83,60000
서동욱,3.13,124,485,411,73,120,30,3,16,204,67,9,4,60,5,1,108,8,6,3,0.292,0.386,0.496,0.883,0.389,118.1,3.07,15000
김주형,2.17,135,387,345,43,97,16,1,19,172,49,1,2,34,6,0,55,9,1,1,0.281,0.355,0.499,0.854,0.376,110.4,0.05,11000
이홍구,1.01,106,273,241,27,64,16,2,9,111,45,0,1,19,4,1,66,5,3,6,0.266,0.322,0.461,0.783,0.338,85.2,-0.74,10000
노수광,0.91,77,238,207,43,64,4,2,4,84,30,12,2,20,1,0,46,0,10,0,0.309,0.373,0.406,0.779,0.347,90.9,0.01,6800
김호령,0.78,124,514,453,72,121,18,3,8,169,41,19,10,36,10,0,104,7,13,2,0.267,0.333,0.373,0.706,0.32,73.2,-0.89,9500
신종길,0.76,75,240,213,34,66,8,3,1,83,12,7,4,20,6,0,49,1,1,0,0.31,0.385,0.39,0.775,0.364,102,0.25,9800
윤정우,0.46,46,82,67,20,20,5,0,2,31,13,6,1,5,7,0,15,2,2,1,0.299,0.4,0.463,0.863,0.385,115.4,0.05,4000
최원준,0.35,14,25,24,5,11,1,0,1,15,4,1,1,0,0,0,3,0,1,0,0.458,0.458,0.625,1.083,0.467,168.8,0.49,3100
김다원,0.22,25,47,43,3,13,2,0,1,18,6,0,0,2,2,0,15,1,0,0,0.302,0.362,0.419,0.78,0.36,98.2,-0.4,6000
오준혁,0.15,47,144,132,18,35,8,4,2,57,15,1,2,9,1,0,38,2,2,0,0.265,0.317,0.432,0.749,0.33,80.3,-0.92,4200
김원섭,0.08,37,90,73,10,16,5,0,0,21,12,1,0,15,0,0,16,2,1,1,0.219,0.348,0.288,0.636,0.311,67.8,0.38,9000
히메네스,4.85,135,579,523,101,161,36,0,26,275,102,18,9,39,10,2,67,8,1,6,0.308,0.363,0.526,0.889,0.388,126.8,2.54,70000
오지환,4.16,121,472,393,73,110,14,5,20,194,78,17,9,65,7,0,97,7,2,5,0.28,0.387,0.494,0.881,0.391,126.6,1.98,35000
박용택,2.96,138,578,509,84,176,24,0,11,233,90,6,6,58,4,5,71,13,0,7,0.346,0.412,0.458,0.87,0.397,126.9,3.59,80000
채은성,2.01,128,451,403,64,126,20,3,9,179,81,7,3,31,7,0,75,9,2,8,0.313,0.365,0.444,0.809,0.365,105.6,2.75,16000
김용의,1.8,105,347,308,62,98,18,4,1,127,20,19,7,35,0,0,64,6,4,0,0.318,0.388,0.412,0.8,0.369,104.7,0.97,12000
손주인,1.61,122,409,354,47,114,20,3,2,146,39,5,4,33,6,0,35,6,12,4,0.322,0.385,0.412,0.798,0.36,100.1,0.08,20000
정성훈,1.37,126,418,370,58,119,22,1,6,161,64,8,4,33,5,1,59,9,5,5,0.322,0.38,0.435,0.815,0.369,107.7,0.83,2700
정성훈,1.37,126,418,370,58,119,22,1,6,161,64,8,4,33,5,1,59,9,5,5,0.322,0.38,0.435,0.815,0.369,107.7,0.83,30000
이병규,1.18,103,350,290,43,79,12,2,7,116,37,8,5,47,10,1,81,4,0,3,0.272,0.389,0.4,0.789,0.368,108.1,1.14,12000
이천웅,0.82,103,320,276,38,81,10,1,6,111,41,6,9,34,3,0,49,3,6,1,0.293,0.376,0.402,0.778,0.356,100,1.13,9300
문선재,0.79,52,127,111,28,32,3,2,7,60,16,5,0,10,0,0,29,1,5,1,0.288,0.344,0.541,0.885,0.367,112.2,0.01,8000
유강남,0.78,100,297,263,28,70,7,0,8,101,47,0,0,17,7,0,48,6,4,6,0.266,0.321,0.384,0.705,0.317,76.5,1.1,10000
서상우,0.47,56,137,111,18,28,5,0,4,45,12,1,0,25,1,1,37,1,0,0,0.252,0.394,0.405,0.8,0.372,112.9,0.41,5500
백창수,0.22,10,21,18,4,6,2,0,1,11,3,0,1,2,1,0,6,1,0,0,0.333,0.429,0.611,1.04,0.454,169.6,0.35,4200
양석환,0.06,80,215,203,24,56,10,1,6,86,37,3,0,6,1,0,48,1,3,2,0.276,0.297,0.424,0.721,0.315,74.9,0.96,9000
안익훈,0.02,68,52,45,13,12,0,1,0,14,4,1,1,6,0,0,9,0,1,0,0.267,0.353,0.311,0.664,0.316,68.7,-0.19,5000
이형종,0,61,147,124,14,35,4,2,1,46,14,1,0,15,2,0,20,3,5,1,0.282,0.366,0.371,0.737,0.335,83.6,-0.16,6000
박재욱,-0.07,26,50,47,5,12,2,0,0,14,4,0,0,2,0,0,9,3,1,0,0.255,0.286,0.298,0.584,0.27,40.7,-0.22,3500
최정,5.82,141,606,500,106,144,24,1,40,290,106,1,2,77,23,2,126,6,0,6,0.288,0.403,0.58,0.983,0.425,140.7,3.24,120000
김성현,2.29,138,530,479,66,153,28,0,8,205,65,3,3,33,6,0,37,13,5,7,0.319,0.366,0.428,0.794,0.36,100.8,1.49,28000
김강민,2.19,115,422,366,59,109,21,0,10,160,47,12,5,32,12,2,89,5,10,2,0.298,0.371,0.437,0.809,0.36,100.7,-0.14,60000
정의윤,2,144,616,576,68,179,32,1,27,294,100,2,3,25,10,3,76,15,0,5,0.311,0.347,0.51,0.858,0.375,109.8,3.19,30000
이재원,1.93,130,472,411,49,119,15,0,15,179,64,1,5,43,9,3,76,15,2,7,0.29,0.364,0.436,0.799,0.359,99.4,0.51,35000
박정권,0.84,125,468,422,59,117,17,3,18,194,59,4,0,35,5,0,99,7,2,4,0.277,0.337,0.46,0.797,0.353,95.5,1.68,40000
최승준,0.8,76,231,199,31,53,5,0,19,115,42,0,0,28,3,1,66,5,0,1,0.266,0.364,0.578,0.942,0.401,124.5,0.52,6200
김재현,0.78,100,193,168,27,54,5,5,1,72,18,13,7,11,5,0,41,1,8,1,0.321,0.378,0.429,0.807,0.356,100.7,-0.16,7000
김민식,0.64,88,170,144,17,37,9,0,2,52,14,1,1,21,2,0,38,2,3,0,0.257,0.359,0.361,0.72,0.335,85.2,-0.05,6000
최정민,0.63,88,177,155,29,51,4,1,0,57,11,8,4,8,7,0,48,1,6,1,0.329,0.386,0.368,0.754,0.347,94.3,0.16,5500
나주환,0.57,24,65,57,13,22,2,0,5,39,12,0,4,2,3,0,6,4,3,0,0.386,0.436,0.684,1.12,0.462,164.4,0.28,15000
김동엽,0.56,57,150,143,19,48,8,0,6,74,23,2,1,5,1,0,41,3,0,1,0.336,0.36,0.517,0.878,0.388,118.6,0.24,4700
박재상,0.49,94,288,255,37,76,14,1,6,110,35,3,6,27,0,0,37,9,4,2,0.298,0.363,0.431,0.794,0.357,98.9,0.31,25000
박승욱,0.28,36,103,87,19,24,4,1,3,39,13,2,1,9,2,0,28,0,4,1,0.276,0.354,0.448,0.802,0.347,92.5,-0.09,3500
최정용,0.01,48,61,54,10,16,1,1,0,19,2,0,0,3,0,0,16,0,4,0,0.296,0.333,0.352,0.685,0.3,63.5,-0.31,3500
최형우,7.75,138,618,519,99,195,46,2,31,338,144,2,2,83,9,8,83,12,0,7,0.376,0.464,0.651,1.116,0.48,177.8,5.5,150000
구자욱,3.96,108,495,428,105,147,19,13,14,234,77,10,5,55,5,1,68,4,2,5,0.343,0.42,0.547,0.967,0.427,142.5,4.99,16000
이승엽,2.62,142,623,542,91,164,32,2,27,281,118,5,2,65,8,1,89,7,0,8,0.303,0.38,0.518,0.899,0.396,123.1,2.49,1.00E+05
박해민,2.19,141,641,564,109,169,26,12,4,231,61,52,15,49,3,2,87,6,22,3,0.3,0.357,0.41,0.767,0.339,86.5,1.06,23000
박한이,1.57,110,401,349,57,105,21,0,14,168,69,1,0,40,2,2,72,5,6,4,0.301,0.372,0.481,0.854,0.374,109.2,3.4,45000
백상원,1.36,132,517,445,60,128,19,3,3,162,49,8,3,51,4,0,69,15,10,7,0.288,0.361,0.364,0.725,0.335,83.9,0.45,9000
최재원,1.15,28,105,81,20,27,3,0,4,42,16,3,1,17,3,0,17,2,2,2,0.333,0.456,0.519,0.975,0.432,146.5,0.96,6500
이지영,0.98,129,419,390,36,116,12,0,7,149,50,3,2,12,7,0,32,13,8,2,0.297,0.329,0.382,0.711,0.321,75.2,-0.03,26000
조동찬,0.79,90,282,247,32,68,11,1,10,111,36,0,1,26,3,0,64,7,3,3,0.275,0.348,0.449,0.797,0.354,95.6,0.62,40000
배영섭,0.71,93,381,323,53,86,17,0,4,115,22,5,8,51,5,0,42,10,1,1,0.266,0.374,0.356,0.73,0.348,92.5,-0.59,15000
김상수,0.4,105,401,358,56,97,13,0,3,119,38,6,4,23,8,0,39,9,8,4,0.271,0.326,0.332,0.658,0.304,64.5,-1.19,31000
우동균,-0.04,33,82,68,14,15,1,0,2,22,10,0,0,12,0,0,10,0,1,1,0.221,0.333,0.324,0.657,0.309,67.1,0.38,5500
성의준,-0.06,24,23,20,2,3,0,0,1,6,2,0,0,2,1,0,4,0,0,0,0.15,0.261,0.3,0.561,0.263,36.8,0.04,3500
김정혁,-0.19,46,118,106,13,25,1,1,2,34,11,1,1,9,1,0,25,3,1,1,0.236,0.299,0.321,0.62,0.288,53.1,-0.88,4300
이영욱,-0.29,104,52,49,16,8,1,0,1,12,4,6,3,2,1,0,21,1,0,0,0.163,0.212,0.245,0.456,0.214,4.9,-0.57,6500
최선호,-0.4,60,27,26,11,3,1,0,0,4,3,1,2,1,0,0,11,0,0,0,0.115,0.148,0.154,0.302,0.145,-39.7,-0.38,0
김재환,5.75,134,568,492,107,160,32,3,37,309,124,8,2,71,0,3,107,9,0,5,0.325,0.407,0.628,1.035,0.442,162.7,5.71,20000
양의지,4.81,108,392,332,66,106,17,0,22,189,66,2,0,40,12,1,29,20,1,7,0.319,0.404,0.569,0.973,0.422,149.6,1.96,48000
박건우,4.51,132,540,484,95,162,36,4,20,266,83,17,6,38,9,0,86,9,4,5,0.335,0.39,0.55,0.94,0.411,137.7,2.99,19500
민병헌,4.24,134,579,511,98,166,31,4,16,253,87,9,2,48,15,1,91,18,1,4,0.325,0.396,0.495,0.891,0.4,129.5,2.84,55000
오재일,4.03,105,455,380,69,120,20,2,27,225,92,1,0,64,2,2,73,5,2,7,0.316,0.411,0.592,1.003,0.43,154.4,4.67,19800
에반스,3.76,118,481,400,69,123,31,0,24,226,81,0,0,69,5,0,90,10,0,7,0.308,0.41,0.565,0.975,0.425,150.6,3.29,68000
김재호,3.24,137,496,416,69,129,27,3,7,183,78,8,4,57,5,1,52,8,5,13,0.31,0.389,0.44,0.829,0.374,110.5,2.4,65000
허경민,1.91,144,609,538,96,154,24,4,7,207,81,6,6,49,14,1,58,14,6,2,0.286,0.36,0.385,0.745,0.344,90.5,0.46,30000
오재원,1.43,122,484,416,68,113,18,1,5,148,58,13,10,54,5,1,82,10,3,6,0.272,0.358,0.356,0.713,0.334,84.5,0.72,55000
류지혁,0.73,90,134,118,34,34,5,0,3,48,9,3,2,10,3,0,28,0,2,1,0.288,0.356,0.407,0.763,0.346,94,0.02,5700
국해성,0.55,58,174,151,28,42,11,0,4,65,24,1,1,21,1,0,36,1,0,1,0.278,0.368,0.43,0.798,0.365,107,0.4,5000
정진호,0.27,31,32,24,9,9,0,1,0,11,3,0,2,6,2,0,1,0,0,0,0.375,0.531,0.458,0.99,0.473,169.9,0.3,4700
최주환,0.16,85,182,160,21,45,11,0,2,62,22,0,0,12,4,1,19,2,2,4,0.281,0.339,0.388,0.726,0.328,80.9,-0.01,10000
박세혁,0.04,87,210,172,26,36,5,1,5,58,23,2,2,22,2,0,45,1,11,3,0.209,0.302,0.337,0.639,0.281,51.9,-0.36,6000
김인태,-0.17,14,19,18,0,3,1,0,0,4,3,0,0,1,0,0,4,0,0,0,0.167,0.211,0.222,0.433,0.206,-0.1,-0.4,3000
김사연,-0.01,72,248,228,31,58,7,1,7,88,27,15,5,16,1,1,75,3,3,0,0.254,0.306,0.386,0.692,0.307,70.6,-0.81,4500
김상현,1.85,134,539,475,71,133,20,0,27,234,88,4,5,50,8,4,115,21,0,6,0.28,0.354,0.493,0.847,0.369,113.2,0.54,20000
김선민,0.45,23,38,35,2,15,2,0,0,17,3,1,0,2,0,0,6,0,0,1,0.429,0.447,0.486,0.933,0.425,147.3,0.17,3200
댄블랙,1.77,54,225,198,25,66,10,1,12,114,32,0,0,25,2,2,52,4,0,0,0.333,0.413,0.576,0.989,0.43,153.6,1.89,25000
마르테,4.83,115,487,425,85,148,32,1,20,242,89,0,0,51,2,7,60,19,0,8,0.348,0.414,0.569,0.983,0.424,149,3.2,75000
박경수,4.57,137,537,440,75,125,30,1,22,223,73,6,4,74,13,1,115,8,6,4,0.284,0.399,0.507,0.906,0.397,131,1.12,23000
박기혁,0,126,350,300,27,84,13,1,1,102,30,3,0,30,3,0,84,10,16,1,0.28,0.35,0.34,0.69,0.311,71.7,-1.06,15000
박용근,0.22,27,86,76,7,20,6,0,0,26,4,5,2,7,0,0,15,4,3,0,0.263,0.325,0.342,0.667,0.301,65.1,-0.5,4000
오정복,0.49,66,278,239,34,62,11,1,5,90,29,3,3,33,3,0,26,3,2,1,0.259,0.355,0.377,0.732,0.337,90.4,1.9,8000
윤요섭,0.03,74,159,148,17,39,4,0,9,70,28,0,1,6,1,0,39,5,2,2,0.264,0.293,0.473,0.766,0.326,85.2,-0.6,6500
이대형,2.18,140,616,546,86,165,23,3,0,194,37,44,14,53,6,0,92,5,10,1,0.302,0.37,0.355,0.725,0.337,88.9,1.54,30000
장성우,3.03,111,435,384,51,111,18,0,10,159,65,1,2,41,0,1,73,9,2,8,0.289,0.351,0.414,0.765,0.343,94.6,1.71,6500
장성호,0.35,49,114,94,11,29,4,0,1,36,16,1,0,17,2,0,15,3,0,1,0.309,0.421,0.383,0.804,0.381,118.4,0.11,10000
하준호,1.25,68,249,218,30,59,9,0,5,83,25,10,3,21,7,1,59,2,2,1,0.271,0.352,0.381,0.733,0.335,88.6,0.91,6000
김동명,-0.26,21,41,37,3,5,0,0,3,14,5,0,0,3,1,0,14,2,0,0,0.135,0.22,0.378,0.598,0.258,33.2,-0.46,3100
김사연,-0.15,20,63,56,6,14,1,0,0,15,4,1,2,7,0,0,10,3,0,0,0.25,0.333,0.268,0.601,0.298,58.8,-0.28,4000
김선민,-0.04,32,63,50,7,11,0,0,0,11,2,3,1,10,1,0,14,3,2,0,0.22,0.361,0.22,0.581,0.296,57.1,-0.21,3000
김영환,-0.15,12,12,12,2,2,0,0,0,2,0,0,0,0,0,0,3,0,0,0,0.167,0.167,0.167,0.333,0.157,-32.5,0.01,3700
김진곤,-0.12,13,8,8,1,1,0,0,0,1,0,0,0,0,0,0,1,0,0,0,0.125,0.125,0.125,0.25,0.118,-57.6,-0.18,3000
마르테,2.27,91,381,325,52,86,16,0,22,168,74,0,0,50,1,0,51,12,0,5,0.265,0.36,0.517,0.877,0.382,113.9,2,75000
박경수,4.04,121,476,402,64,126,22,1,20,210,80,3,1,65,5,2,80,9,0,4,0.313,0.412,0.522,0.934,0.415,135,2.22,23000
박기혁,0.1,117,348,308,36,84,13,0,2,103,34,0,2,27,1,0,53,8,10,2,0.273,0.331,0.334,0.666,0.306,64.1,-0.29,15000
박용근,-0.02,31,86,74,5,17,4,1,1,26,6,0,1,11,0,0,14,1,0,1,0.23,0.326,0.351,0.677,0.316,71,-0.1,3800
배정대,-0.12,65,55,50,10,13,1,0,0,14,3,2,1,4,0,0,18,0,1,0,0.26,0.315,0.28,0.595,0.283,48.6,0.08,3500
신현철,0.05,35,25,24,3,7,2,0,0,9,2,0,0,0,1,0,12,0,0,0,0.292,0.32,0.375,0.695,0.322,72.1,-0.08,3000
심우준,-0.22,122,251,236,36,57,9,1,3,77,17,17,1,8,0,0,40,5,5,2,0.242,0.264,0.326,0.591,0.264,37,-0.81,5000
오정복,0.67,96,344,306,45,93,11,2,5,123,36,1,0,28,0,1,32,5,6,4,0.304,0.358,0.402,0.76,0.343,88.3,0.23,7000
유민상,0.55,95,254,213,30,60,12,1,4,86,37,1,1,25,9,0,39,8,3,4,0.282,0.375,0.404,0.778,0.357,97.6,0.44,4500
유한준,3.29,110,460,408,70,137,22,0,14,201,64,4,1,47,2,1,40,10,0,3,0.336,0.404,0.493,0.897,0.405,128.6,3.42,60000
윤요섭,0.46,66,149,126,14,30,6,0,6,54,16,1,1,20,3,1,24,7,0,0,0.238,0.356,0.429,0.784,0.355,96,0.17,5600
이대형,1.75,143,654,600,89,192,14,3,1,215,42,37,20,44,2,0,90,6,7,1,0.32,0.368,0.358,0.726,0.341,86.9,0.25,30000
이진영,1.66,115,424,371,49,123,23,1,10,178,72,2,5,45,3,1,44,13,0,5,0.332,0.403,0.48,0.883,0.4,125.2,1.63,40000
전민수,0.7,74,240,213,31,65,14,1,3,90,29,5,2,19,4,0,46,4,4,0,0.305,0.373,0.423,0.795,0.361,100.2,0.8,5000
정주후,0.04,12,3,3,4,0,0,0,0,0,0,0,0,0,0,0,1,0,0,0,0,0,0,0,0,-133.8,0.19,2900
김성욱,0.19,125,204,182,32,47,8,1,3,66,26,3,3,17,4,0,52,4,0,1,0.258,0.333,0.363,0.696,0.322,83.7,-0.59,5500
김종호,1.84,133,486,424,90,125,16,7,4,167,36,41,10,44,4,0,65,11,10,3,0.295,0.364,0.394,0.758,0.342,97.8,0.7,17500
김준완,0.03,30,54,44,12,10,0,0,0,10,2,2,1,10,0,0,10,1,0,0,0.227,0.37,0.227,0.598,0.309,74.2,-0.19,3000
김태군,0.31,144,474,421,45,107,24,0,6,149,52,1,1,25,10,0,77,12,11,7,0.254,0.307,0.354,0.661,0.295,64.8,-1.5,21000
나성범,5.14,144,622,564,112,184,34,5,28,312,135,23,4,32,15,1,127,9,3,8,0.326,0.373,0.553,0.926,0.4,136.1,2.61,30000
모창민,0.81,103,239,214,23,62,14,0,6,94,35,5,0,18,0,0,52,5,4,3,0.29,0.34,0.439,0.78,0.342,96.3,-1.21,12500
박민우,4.42,141,617,520,111,158,31,6,3,210,47,46,16,73,14,0,108,4,3,7,0.304,0.399,0.404,0.803,0.371,116.8,1.48,19000
박정준,0.22,19,24,21,2,8,2,0,0,10,2,0,0,0,3,0,5,0,0,0,0.381,0.458,0.476,0.935,0.435,158,-0.16,5300
손시헌,1.2,140,508,440,56,108,24,2,13,175,58,3,2,36,14,0,66,16,13,5,0.245,0.319,0.398,0.717,0.315,78.6,0.23,40000
용덕한,0.28,50,49,42,4,12,1,0,0,13,5,2,1,5,1,0,8,2,1,0,0.286,0.375,0.31,0.685,0.326,85.8,0.06,8500
이종욱,1.92,125,504,440,63,118,25,2,5,162,52,17,4,54,3,5,78,5,4,3,0.268,0.35,0.368,0.718,0.327,86.5,0.94,50000
이창섭,-0.01,16,8,5,0,0,0,0,0,0,0,0,0,3,0,0,3,0,0,0,0,0.375,0,0.375,0.275,49.8,-0.01,3000
이호준,1.87,131,518,449,48,132,25,0,24,229,110,0,2,61,3,7,102,16,3,2,0.294,0.381,0.51,0.891,0.386,125.7,3.65,75000
조영훈,0.92,103,146,124,20,35,8,0,8,67,35,3,0,19,0,0,36,1,1,2,0.282,0.372,0.54,0.913,0.392,129.5,0.65,11000
조평호,0.14,22,22,22,4,8,2,0,1,13,3,0,0,0,0,0,6,1,0,0,0.364,0.364,0.591,0.955,0.416,145.4,-0.03,3500
지석훈,0.98,137,466,415,53,111,15,0,11,159,46,4,1,23,16,0,85,9,9,3,0.267,0.328,0.383,0.711,0.319,81,0.31,14000
최재원,0.43,114,102,85,31,21,8,0,2,35,13,14,5,10,6,0,29,1,1,0,0.247,0.366,0.412,0.778,0.355,104.1,-0.34,2500
테임즈,10.71,142,595,472,130,180,42,5,47,373,140,40,8,103,13,11,91,7,0,7,0.381,0.498,0.79,1.288,0.53,222.3,7.02,125000
권희동,0.04,14,47,41,4,11,0,0,1,14,9,0,1,5,1,0,9,0,0,0,0.268,0.362,0.341,0.703,0.337,87.9,0.09,6800
김성욱,1.23,130,348,306,60,81,15,1,15,143,51,5,2,30,3,0,64,15,7,2,0.265,0.334,0.467,0.802,0.348,94.9,0.57,10000
김종호,0.23,93,137,122,26,36,2,0,0,38,7,13,6,14,0,0,30,3,1,0,0.295,0.368,0.311,0.679,0.329,82.9,-0.01,15000
김준완,1.18,122,325,253,60,66,7,1,1,78,12,2,5,66,2,0,62,4,2,1,0.261,0.416,0.308,0.724,0.36,102.6,0.38,7000
나성범,4.42,144,653,572,116,177,37,2,22,284,113,7,4,67,9,2,136,4,1,4,0.309,0.388,0.497,0.885,0.395,125.9,1.93,35000
모창민,1,63,147,133,16,44,8,0,5,67,20,3,2,9,1,0,24,7,1,3,0.331,0.37,0.504,0.874,0.384,118.4,0.46,11700
박광열,0.13,13,15,15,0,6,0,0,0,6,0,0,0,0,0,0,3,1,0,0,0.4,0.4,0.4,0.8,0.378,115.9,-0.1,3000
박민우,4.09,121,515,435,84,149,16,6,3,186,55,20,6,55,8,1,70,9,10,7,0.343,0.42,0.428,0.847,0.387,122.1,2.5,25000
박석민,4.78,126,506,427,77,131,20,0,32,247,104,2,0,56,16,2,95,18,2,4,0.307,0.404,0.578,0.982,0.424,144.1,2.16,75000
손시헌,2.73,110,403,341,36,104,21,2,5,144,39,1,0,38,13,0,48,13,10,1,0.305,0.394,0.422,0.817,0.371,110.3,1.81,40000
이상호,0.1,15,27,25,1,7,2,0,0,9,1,3,0,0,2,0,4,3,0,0,0.28,0.333,0.36,0.693,0.326,80.8,0.19,4800
이종욱,2.54,134,517,453,73,138,24,4,5,185,57,15,3,54,1,0,73,11,4,5,0.305,0.376,0.408,0.785,0.361,104.1,1.21,50000
이호준,1.71,119,472,399,46,119,20,0,21,202,87,3,2,65,2,6,78,11,2,4,0.298,0.396,0.506,0.902,0.396,125.7,3.17,75000
조영훈,1.18,109,207,179,29,60,14,0,5,89,35,3,3,21,3,1,43,2,1,3,0.335,0.408,0.497,0.905,0.404,131.7,0.5,15000
테임즈,5.97,123,529,436,118,140,30,3,40,296,121,13,4,74,12,6,103,2,0,7,0.321,0.427,0.679,1.106,0.463,170.5,5.57,125000
강민호,5.23,123,456,380,63,118,18,1,35,243,86,0,0,60,14,2,112,14,0,2,0.311,0.421,0.639,1.061,0.451,164.9,4.59,1.00E+05
김문호,0.74,93,325,288,35,88,13,0,4,113,31,8,5,25,4,0,45,11,6,2,0.306,0.367,0.392,0.759,0.345,98.5,-0.85,7000
김민하,0.63,54,141,116,18,28,6,0,1,37,8,4,2,18,4,0,40,4,3,0,0.241,0.362,0.319,0.681,0.322,84.2,0.09,4000
김주현,0.03,47,79,73,7,19,4,0,2,29,12,1,0,5,0,0,19,3,1,0,0.26,0.308,0.397,0.705,0.313,76.5,0.04,3300
손아섭,3.8,116,517,445,86,141,28,1,13,210,54,11,6,68,1,3,96,6,0,3,0.317,0.406,0.472,0.878,0.395,131.1,1.87,60000
아두치,4.71,132,594,526,105,165,34,5,28,293,106,24,10,55,8,8,118,9,1,4,0.314,0.385,0.557,0.942,0.405,135.2,5.41,78000
안중열,0.78,60,109,98,15,26,9,0,1,38,13,1,0,6,0,0,26,3,4,1,0.265,0.305,0.388,0.693,0.3,67.9,-0.44,4000
오윤석,0.07,29,36,33,7,9,1,0,1,13,3,0,0,2,0,0,8,2,1,0,0.273,0.314,0.394,0.708,0.311,75.6,-0.14,2700
오현근,-0.08,20,36,28,3,6,2,0,0,8,3,1,1,6,0,0,6,0,2,0,0.214,0.353,0.286,0.639,0.297,66.3,-0.27,3000
장성우,0.33,22,56,49,4,12,2,1,3,25,12,0,0,5,0,0,12,3,1,1,0.245,0.309,0.51,0.819,0.342,92.9,0.35,5500
정훈,3.41,135,562,486,85,146,27,2,9,204,62,16,6,52,14,2,102,14,7,3,0.3,0.382,0.42,0.802,0.363,110.1,-0.65,21000
최준석,3.04,144,618,507,78,155,18,1,31,268,109,0,0,108,1,4,134,17,1,1,0.306,0.428,0.529,0.957,0.422,148,4.56,40000
하준호,-0.26,12,30,30,3,5,1,0,1,9,1,0,0,0,0,0,14,0,0,0,0.167,0.167,0.3,0.467,0.2,1.2,-0.23,2400
황재균,4.01,144,596,534,95,155,41,2,26,278,97,11,10,48,4,1,122,14,4,6,0.29,0.35,0.521,0.87,0.375,115.4,1.43,50000
강민호,5,116,460,381,65,123,26,0,20,209,72,4,0,66,10,4,91,7,0,3,0.323,0.433,0.549,0.981,0.434,147.7,5.06,1.00E+05
김동한,0.05,50,96,88,6,23,5,0,0,28,12,4,1,6,0,0,16,1,2,0,0.261,0.309,0.318,0.627,0.29,56,0.14,3800
김문호,2.47,140,599,526,77,171,28,3,7,226,70,12,15,62,6,1,70,15,3,2,0.325,0.401,0.43,0.831,0.384,117,1.35,14000
김사훈,0.02,19,36,28,5,9,1,0,0,10,4,0,0,3,0,0,6,1,5,0,0.321,0.387,0.357,0.744,0.307,68,-0.05,2900
김상호,0.57,114,415,366,39,106,20,0,7,147,56,3,1,38,4,2,84,10,2,5,0.29,0.358,0.402,0.76,0.347,92.6,-0.92,6000
김주현,-0.11,21,33,29,4,6,4,0,0,10,1,1,0,3,0,0,12,0,1,0,0.207,0.281,0.345,0.626,0.279,47.6,-0.46,3400
김준태,0.39,68,144,120,12,33,3,1,2,44,16,0,0,22,0,1,42,0,1,1,0.275,0.385,0.367,0.751,0.352,97.4,0.41,2500
맥스웰,0.75,23,99,80,14,23,3,1,4,40,16,2,2,15,3,0,25,0,0,1,0.288,0.414,0.5,0.914,0.411,134,0.71,28000
문규현,0.27,120,368,316,38,86,10,0,4,108,40,2,3,29,1,0,39,10,19,2,0.272,0.333,0.342,0.675,0.301,62.9,-0.92,12000
박헌도,0.36,37,82,69,9,18,7,0,3,34,11,1,0,10,3,0,25,1,0,0,0.261,0.378,0.493,0.871,0.39,118.6,0.11,5600
손아섭,5.3,144,672,575,118,186,33,1,16,269,81,42,4,92,3,1,104,4,0,2,0.323,0.418,0.468,0.886,0.406,131,6.03,65000
신본기,0.82,25,104,81,13,25,4,0,1,32,10,0,1,13,8,0,12,3,2,0,0.309,0.451,0.395,0.846,0.402,128.1,0.52,5500
아두치,1.41,64,272,247,46,72,18,3,7,117,41,15,2,18,1,1,59,5,1,5,0.292,0.336,0.474,0.81,0.354,97.1,0.53,78000
오현근,0.02,19,17,15,4,3,0,0,0,3,2,2,0,2,0,0,5,0,0,0,0.2,0.294,0.2,0.494,0.254,33.9,0,3000
이여상,-0.1,61,83,72,10,18,3,1,0,23,7,2,2,7,0,0,25,0,3,1,0.25,0.313,0.319,0.632,0.287,55.6,0.09,4000
전준우,0.19,25,113,99,16,25,7,0,2,38,10,3,3,7,6,0,25,4,1,0,0.253,0.339,0.384,0.723,0.333,83,0.1,20500
정훈,0.73,121,439,370,48,97,18,2,2,125,46,7,7,43,16,0,75,12,8,2,0.262,0.362,0.338,0.7,0.331,82.5,1.07,15000
최준석,0.7,116,396,325,49,85,10,0,19,152,70,0,0,64,3,2,102,14,0,4,0.262,0.384,0.468,0.852,0.381,113.9,1.26,40000
황재균,5.55,127,559,498,97,167,26,5,27,284,113,25,10,49,4,5,66,10,0,8,0.335,0.394,0.57,0.964,0.417,137.3,4.03,50000
강경학,0.11,120,376,311,50,80,7,4,2,101,27,4,3,40,5,1,58,3,18,3,0.257,0.348,0.325,0.673,0.304,66.4,-0.32,6500
김경언,2.76,107,437,377,58,127,21,1,16,198,78,1,3,50,2,3,89,9,5,3,0.337,0.414,0.525,0.94,0.411,136.4,4.94,20000
김태균,4.17,133,524,408,61,129,28,0,21,220,104,3,1,98,12,12,80,19,1,5,0.316,0.457,0.539,0.996,0.436,153.7,5.83,160000
김회성,0.79,83,268,225,36,47,10,2,16,109,35,2,4,28,10,0,58,4,3,2,0.209,0.321,0.484,0.805,0.345,93.5,-0.11,5500
모건,0.21,10,42,33,2,9,2,0,0,11,5,1,1,4,4,0,8,1,0,1,0.273,0.405,0.333,0.738,0.359,102.4,0.15,55000
박노민,0.03,23,26,24,1,8,0,0,0,8,4,0,0,2,0,0,11,0,0,0,0.333,0.385,0.333,0.718,0.344,91.6,-0.29,4000
송광민,-0.02,12,41,37,2,9,2,0,0,11,1,0,0,2,1,0,11,1,1,0,0.243,0.3,0.297,0.597,0.276,48,-0.25,10000
이성열,0.67,97,254,219,34,55,10,2,9,96,35,1,1,19,9,1,83,5,5,2,0.251,0.333,0.438,0.772,0.336,87,1.17,25000
이시찬,0,34,72,64,7,18,1,0,0,19,6,1,1,4,1,0,12,3,1,2,0.281,0.324,0.297,0.621,0.29,56.7,-0.39,5100
이용규,4.96,124,585,493,94,168,15,7,4,209,42,28,10,68,9,5,45,4,11,4,0.341,0.427,0.424,0.851,0.386,119.6,2.61,70000
이종환,0.04,31,88,84,13,26,3,0,0,29,12,0,0,4,0,0,15,0,0,0,0.31,0.341,0.345,0.686,0.321,77.2,-0.01,6200
정근우,4.91,126,552,468,99,148,30,2,12,218,66,21,6,61,8,1,66,14,13,2,0.316,0.403,0.466,0.868,0.384,119.2,4.05,70000
정현석,0.6,43,133,116,20,36,6,0,1,45,12,0,0,13,2,1,24,3,2,0,0.31,0.389,0.388,0.777,0.356,100.7,-0.12,9500
조인성,0.05,106,310,276,33,64,11,0,11,108,44,0,0,16,6,0,89,5,11,1,0.232,0.288,0.391,0.679,0.293,58.8,0.36,40000
최진행,2.38,109,410,333,55,97,17,0,18,168,64,0,3,65,4,6,101,9,5,3,0.291,0.41,0.505,0.914,0.397,128.2,2.06,18500
폭스,0.16,38,121,108,16,30,4,0,7,55,25,0,0,8,3,1,27,9,0,2,0.278,0.339,0.509,0.848,0.364,105.8,-0.14,8500
권용관,0.06,40,49,44,7,11,2,1,0,15,3,0,0,2,2,0,12,2,1,0,0.25,0.313,0.341,0.653,0.3,61.3,-0.68,8000
김경언,0.26,66,217,182,23,48,6,1,5,71,25,3,0,28,2,0,46,7,2,3,0.264,0.363,0.39,0.753,0.346,90,-0.07,20000
김원석,-0.02,11,9,8,2,2,0,0,0,2,0,0,0,1,0,0,5,0,0,0,0.25,0.333,0.25,0.583,0.293,56.3,-0.08,3000
김태균,5.5,144,652,529,94,193,39,0,23,301,136,1,0,108,9,10,97,11,0,6,0.365,0.476,0.569,1.045,0.463,165.5,7.37,160000
김태완,0.25,24,24,20,3,7,1,1,0,10,0,0,0,3,1,0,8,0,0,0,0.35,0.458,0.5,0.958,0.441,152.9,-0.13,8000
로사리오,3.01,127,532,492,78,158,31,2,33,292,120,1,3,33,4,3,90,16,1,2,0.321,0.367,0.594,0.961,0.411,131,3.53,150000
송광민,2.95,116,494,449,80,146,27,2,17,228,83,3,0,28,4,0,86,16,7,6,0.325,0.366,0.508,0.873,0.381,112.3,2,20000
신성현,0.38,89,184,158,30,44,8,0,8,76,24,0,4,15,5,0,54,3,6,0,0.278,0.36,0.481,0.841,0.363,100.6,0.48,3700
양성우,0,108,446,384,52,104,12,4,4,136,53,5,2,39,9,0,67,6,8,6,0.271,0.347,0.354,0.701,0.324,76.1,0.47,8000
이동훈,-0.04,17,2,2,3,0,0,0,0,0,0,0,0,0,0,0,1,0,0,0,0,0,0,0,0,-133.8,-0.06,2800
이성열,0.81,86,219,198,29,57,7,3,10,100,29,0,0,11,8,0,62,3,2,0,0.288,0.35,0.505,0.855,0.374,107.5,0.53,23000
이용규,4.31,113,530,452,98,159,20,4,3,196,41,21,11,63,7,1,29,7,7,1,0.352,0.438,0.434,0.872,0.404,128.1,3.44,90000
정근우,4.37,138,650,575,121,178,31,2,18,267,88,22,6,60,9,2,58,14,1,5,0.31,0.381,0.464,0.845,0.381,112.5,3.71,70000
주현상,-0.04,15,8,8,0,2,0,0,0,2,0,0,0,0,0,0,1,0,0,0,0.25,0.25,0.25,0.5,0.236,19,-0.09,3700
최진행,0.31,28,85,70,4,23,2,0,1,28,9,0,0,11,2,0,16,1,2,0,0.329,0.434,0.4,0.834,0.389,118.2,0.3,17000
하주석,1,115,441,405,58,113,21,1,10,166,57,5,7,18,9,1,115,3,8,1,0.279,0.323,0.41,0.733,0.326,77.1,0.9,9000
허도환,0.11,48,93,78,9,17,8,0,0,25,12,0,0,6,5,0,21,2,4,0,0.218,0.315,0.321,0.635,0.291,55.3,-0.12,7800
강지광,0.08,13,21,18,3,5,0,0,0,5,2,0,0,2,1,0,9,0,0,0,0.278,0.381,0.278,0.659,0.329,87.9,0.28,2700
고종욱,1.09,119,443,407,81,126,25,4,10,189,51,22,14,25,6,1,81,10,4,1,0.31,0.358,0.464,0.822,0.364,108.7,1.29,7700
김민성,2.44,118,489,445,60,135,24,0,16,207,71,1,1,31,8,1,62,15,2,3,0.303,0.357,0.465,0.823,0.365,108.2,-0.83,22000
김재현,-0.12,59,71,65,7,17,3,0,1,23,6,0,0,2,1,0,15,1,2,1,0.262,0.29,0.354,0.644,0.283,55.3,-0.62,4400
김지수,0,104,151,132,23,31,7,0,0,38,13,2,1,9,2,0,27,2,7,1,0.235,0.292,0.288,0.58,0.261,41.2,-0.69,5500
김하성,4.94,140,582,511,89,148,35,5,19,250,73,22,4,56,5,2,115,10,4,6,0.29,0.362,0.489,0.851,0.372,112.9,0.99,16000
문우람,0.05,63,138,119,22,28,10,0,2,44,22,1,1,12,3,1,30,1,1,3,0.235,0.314,0.37,0.684,0.306,69,-0.56,9000
박동원,1.48,127,443,379,47,101,12,1,14,157,61,0,0,37,9,0,93,4,10,8,0.266,0.34,0.414,0.754,0.332,86.6,0.86,14000
박병호,7.76,140,622,528,129,181,35,1,53,377,146,10,3,78,12,6,161,10,0,4,0.343,0.436,0.714,1.15,0.481,181.9,7.82,70000
박헌도,0.8,108,267,218,31,54,13,0,8,91,42,0,2,37,7,0,52,6,3,2,0.248,0.371,0.417,0.789,0.357,102.5,-0.08,2600
서건창,1.51,85,368,312,52,93,24,4,3,134,37,9,2,42,1,0,24,7,11,2,0.298,0.381,0.429,0.81,0.359,105.8,2.35,26000
서동욱,0.1,55,118,103,14,24,5,0,3,38,15,0,0,11,3,0,45,1,1,0,0.233,0.325,0.369,0.694,0.317,77.3,-0.36,5800
스나이더,2.26,113,487,431,88,121,26,1,26,227,71,4,2,37,11,0,135,2,3,5,0.281,0.349,0.527,0.876,0.377,115.3,1.29,27000
유재신,0.36,62,32,27,21,7,2,0,0,9,3,10,1,3,0,0,10,2,2,0,0.259,0.333,0.333,0.667,0.294,62.9,0.17,6000
유한준,5.87,139,598,520,103,188,42,1,23,301,116,3,3,67,2,2,71,13,1,8,0.362,0.431,0.579,1.009,0.44,157.6,4.14,11500
윤석민,1.3,108,418,361,54,106,24,1,14,174,71,3,2,37,8,1,62,16,5,7,0.294,0.366,0.482,0.848,0.37,111.1,2.38,16000
이성열,0.58,101,268,232,35,58,10,2,9,99,36,1,1,20,9,1,87,5,5,2,0.25,0.331,0.427,0.758,0.332,84.2,1.12,11000
이택근,2.46,105,401,347,61,113,16,1,10,161,44,11,6,44,3,4,53,8,3,4,0.326,0.402,0.464,0.866,0.386,122.6,1.67,50000
임병욱,-0.15,40,52,43,13,8,1,1,1,14,3,2,4,9,0,0,23,1,0,0,0.186,0.327,0.326,0.653,0.309,73.6,-0.17,4000
강지광,-0.26,40,80,66,10,13,2,0,1,18,7,1,3,11,1,0,24,1,1,1,0.197,0.317,0.273,0.589,0.286,50.7,-0.48,3000
고종욱,2.36,133,566,527,92,176,22,9,8,240,72,28,14,28,5,1,103,10,1,5,0.334,0.37,0.455,0.825,0.373,105.4,4.38,12000
김민성,3.37,141,579,510,76,156,39,5,17,256,90,6,3,53,3,3,89,15,1,12,0.306,0.367,0.502,0.869,0.38,111.6,1.81,37000
김민준,-0.24,20,13,12,4,1,0,0,0,1,0,0,1,1,0,0,5,0,0,0,0.083,0.154,0.083,0.237,0.13,-50.1,-0.19,2700
김웅빈,0.1,10,15,14,4,6,0,0,1,9,4,0,0,0,0,0,3,0,0,1,0.429,0.4,0.643,1.043,0.441,150.7,0.25,3000
김재현,-0.31,56,82,72,8,13,2,0,0,15,8,0,0,7,1,0,14,1,2,0,0.181,0.263,0.208,0.471,0.231,14.9,-0.13,4400
김지수,0.32,81,106,91,16,26,5,0,3,40,9,2,2,10,0,0,16,3,4,1,0.286,0.353,0.44,0.793,0.345,88.8,0.2,5500
김하성,3.81,144,599,526,92,148,29,7,20,251,84,28,15,60,6,2,80,7,2,5,0.281,0.359,0.477,0.836,0.37,104.8,1.12,22000
박동원,0.85,127,454,411,44,102,25,1,14,171,70,3,1,27,7,0,93,18,6,3,0.248,0.304,0.416,0.72,0.317,71.1,-1.14,20000
박정음,1.1,98,263,223,45,69,5,3,4,92,26,16,9,30,3,0,52,5,5,2,0.309,0.395,0.413,0.808,0.37,103.8,0.81,6600
서건창,4.46,140,646,560,111,182,30,7,7,247,63,26,13,69,10,2,58,6,3,4,0.325,0.406,0.441,0.847,0.389,116.6,4.17,40000
유재신,-0.01,93,74,62,20,16,0,0,0,16,6,16,7,10,0,0,12,0,2,0,0.258,0.361,0.258,0.619,0.305,62.5,-0.41,6500
윤석민,2.96,92,402,341,72,114,15,0,19,186,80,2,3,46,9,3,50,16,0,6,0.334,0.42,0.545,0.966,0.425,141.6,2.11,21000
이택근,1.93,127,460,398,64,123,19,1,8,168,65,7,4,53,3,1,56,11,0,6,0.309,0.389,0.422,0.811,0.374,107.6,1.55,50000
임병욱,0.59,104,265,233,43,58,11,1,8,95,24,17,6,25,1,0,82,2,6,0,0.249,0.324,0.408,0.732,0.325,75.5,-0.37,6500
장영석,0.02,23,33,26,6,5,2,0,0,7,3,0,1,7,0,0,10,1,0,0,0.192,0.364,0.269,0.633,0.321,73.6,0.14,3600
채태인,-0.14,124,417,370,29,106,14,3,7,147,72,0,1,36,2,1,92,13,0,9,0.286,0.345,0.397,0.743,0.339,84.1,1.79,30000
허정협,-0.1,13,20,17,0,3,0,0,0,3,1,0,0,3,0,0,7,1,0,0,0.176,0.3,0.176,0.477,0.254,29.3,-0.12,3300
홍성갑,-0.29,44,68,62,4,14,0,1,0,16,7,1,0,1,5,0,18,2,0,0,0.226,0.294,0.258,0.552,0.271,39.8,-0.11,3600
